Year,Police_Strength,Fiscal_Budget_Proxy,Prolonged_Trials,Juveniles_Arrested,Juveniles_Low_Income,Repeat_Offenders,Total_IPC_Crimes,Crimes_Against_Women,Property_Stolen,State
2001,11770.0,423.0,2.0,16.0,32.0,156.0,0.0,0.0,0.0,ANDAMAN & NICOBAR ISLANDS
2002,12484.0,449.0,2.0,6.0,12.0,120.0,0.0,0.0,0.0,ANDAMAN & NICOBAR ISLANDS
2003,11494.0,445.0,2.0,9.0,18.0,97.0,0.0,0.0,0.0,ANDAMAN & NICOBAR ISLANDS
2004,11618.0,445.0,2.0,13.0,26.0,25.0,0.0,0.0,0.0,ANDAMAN & NICOBAR ISLANDS
2005,11658.0,445.0,2.0,10.0,20.0,53.0,0.0,0.0,0.0,ANDAMAN & NICOBAR ISLANDS
2006,11578.0,446.0,16.0,91.0,182.0,18.0,0.0,0.0,0.0,ANDAMAN & NICOBAR ISLANDS
2007,11858.0,450.0,36.0,75.0,150.0,23.0,0.0,0.0,0.0,ANDAMAN & NICOBAR ISLANDS
2008,11786.0,450.0,38.0,55.0,110.0,17.0,0.0,0.0,0.0,ANDAMAN & NICOBAR ISLANDS
2009,16060.0,584.0,20.0,38.0,76.0,21.0,0.0,0.0,0.0,ANDAMAN & NICOBAR ISLANDS
2010,17368.0,663.0,26.0,26.0,52.0,17.0,0.0,0.0,0.0,ANDAMAN & NICOBAR ISLANDS
2001,0.0,0.0,0.0,0.0,0.0,0.0,1316.0,6.0,130.0,ANDAMAN AND NICOBAR ISLANDS
2002,0.0,0.0,0.0,0.0,0.0,0.0,1216.0,4.0,98.0,ANDAMAN AND NICOBAR ISLANDS
2003,0.0,0.0,0.0,0.0,0.0,0.0,1288.0,4.0,120.0,ANDAMAN AND NICOBAR ISLANDS
2004,0.0,0.0,0.0,0.0,0.0,0.0,1496.0,20.0,206.0,ANDAMAN AND NICOBAR ISLANDS
2005,0.0,0.0,0.0,0.0,0.0,0.0,1364.0,8.0,184.0,ANDAMAN AND NICOBAR ISLANDS
2006,0.0,0.0,0.0,0.0,0.0,0.0,1352.0,12.0,202.0,ANDAMAN AND NICOBAR ISLANDS
2007,0.0,0.0,0.0,0.0,0.0,0.0,1614.0,6.0,224.0,ANDAMAN AND NICOBAR ISLANDS
2008,0.0,0.0,0.0,0.0,0.0,0.0,1764.0,24.0,256.0,ANDAMAN AND NICOBAR ISLANDS
2009,0.0,0.0,0.0,0.0,0.0,0.0,1882.0,36.0,268.0,ANDAMAN AND NICOBAR ISLANDS
2010,0.0,0.0,0.0,0.0,0.0,0.0,1960.0,48.0,242.0,ANDAMAN AND NICOBAR ISLANDS
2011,0.0,0.0,0.0,0.0,0.0,0.0,1586.0,26.0,176.0,ANDAMAN AND NICOBAR ISLANDS
2012,0.0,0.0,0.0,0.0,0.0,0.0,1366.0,24.0,142.0,ANDAMAN AND NICOBAR ISLANDS
2013,0.0,0.0,0.0,0.0,0.0,0.0,1224.0,54.0,74.0,ANDAMAN AND NICOBAR ISLANDS
2014,0.0,0.0,0.0,0.0,0.0,0.0,1492.0,64.0,90.0,ANDAMAN AND NICOBAR ISLANDS
2001,326924.0,9062.0,776.0,1565.0,3130.0,19481.0,260178.0,1742.0,33502.0,ANDHRA PRADESH
2002,324414.0,9064.0,776.0,2084.0,4168.0,12951.0,287220.0,2004.0,38444.0,ANDHRA PRADESH
2003,310484.0,7865.0,776.0,2673.0,5346.0,15003.0,313902.0,1892.0,46816.0,ANDHRA PRADESH
2004,329836.0,9094.0,776.0,2196.0,4392.0,23759.0,317512.0,2032.0,47156.0,ANDHRA PRADESH
2005,333152.0,9173.0,582.0,2428.0,4856.0,23641.0,314246.0,1870.0,47556.0,ANDHRA PRADESH
2006,338860.0,9381.0,782.0,1879.0,3758.0,17512.0,347818.0,2098.0,47020.0,ANDHRA PRADESH
2007,338174.0,9718.0,890.0,1953.0,3906.0,28595.0,350174.0,2140.0,48782.0,ANDHRA PRADESH
2008,350584.0,10213.0,930.0,1622.0,3244.0,15754.0,358550.0,2514.0,50724.0,ANDHRA PRADESH
2009,474152.0,15635.0,898.0,1565.0,3130.0,21516.0,360882.0,2376.0,49384.0,ANDHRA PRADESH
2010,485730.0,17367.0,2822.0,1949.0,3898.0,14579.0,362876.0,2724.0,53512.0,ANDHRA PRADESH
2011,485730.0,17367.0,2822.0,1949.0,3898.0,14579.0,379560.0,2884.0,56534.0,ANDHRA PRADESH
2012,485730.0,17367.0,2822.0,1949.0,3898.0,14579.0,385044.0,2682.0,54950.0,ANDHRA PRADESH
2013,485730.0,17367.0,2822.0,1949.0,3898.0,14579.0,436030.0,3270.0,62064.0,ANDHRA PRADESH
2014,485730.0,17367.0,2822.0,1949.0,3898.0,14579.0,229208.0,1922.0,31234.0,ANDHRA PRADESH
2001,22254.0,685.0,0.0,137.0,274.0,138.0,4684.0,66.0,886.0,ARUNACHAL PRADESH
2002,24396.0,719.0,0.0,132.0,264.0,52.0,4456.0,76.0,790.0,ARUNACHAL PRADESH
2003,24396.0,719.0,0.0,196.0,392.0,42.0,4122.0,62.0,740.0,ARUNACHAL PRADESH
2004,24396.0,719.0,0.0,91.0,182.0,38.0,4512.0,84.0,776.0,ARUNACHAL PRADESH
2005,24392.0,719.0,0.0,147.0,294.0,51.0,4608.0,70.0,1062.0,ARUNACHAL PRADESH
2006,24186.0,745.0,0.0,80.0,160.0,31.0,4588.0,74.0,902.0,ARUNACHAL PRADESH
2007,24846.0,745.0,6.0,105.0,210.0,74.0,4572.0,96.0,1026.0,ARUNACHAL PRADESH
2008,30566.0,849.0,0.0,85.0,170.0,11.0,4748.0,84.0,890.0,ARUNACHAL PRADESH
2009,30714.0,849.0,0.0,139.0,278.0,10.0,4724.0,118.0,762.0,ARUNACHAL PRADESH
2010,31470.0,911.0,20.0,81.0,162.0,114.0,4878.0,94.0,890.0,ARUNACHAL PRADESH
2011,31470.0,911.0,20.0,81.0,162.0,114.0,4572.0,84.0,828.0,ARUNACHAL PRADESH
2012,31470.0,911.0,20.0,81.0,162.0,114.0,4840.0,92.0,804.0,ARUNACHAL PRADESH
2013,31470.0,911.0,20.0,81.0,162.0,114.0,5552.0,150.0,1028.0,ARUNACHAL PRADESH
2014,31470.0,911.0,20.0,81.0,162.0,114.0,5686.0,166.0,996.0,ARUNACHAL PRADESH
2001,220148.0,6545.0,648.0,253.0,506.0,4515.0,73754.0,1634.0,10734.0,ASSAM
2002,220074.0,6539.0,648.0,332.0,664.0,2069.0,72692.0,1940.0,11110.0,ASSAM
2003,217544.0,6539.0,648.0,378.0,756.0,4388.0,76390.0,2190.0,11050.0,ASSAM
2004,217544.0,6539.0,648.0,331.0,662.0,3208.0,81350.0,2342.0,11732.0,ASSAM
2005,217544.0,6539.0,2600.0,373.0,746.0,12244.0,84012.0,2476.0,12738.0,ASSAM
2006,217544.0,6539.0,3106.0,539.0,1078.0,10721.0,87346.0,2488.0,15640.0,ASSAM
2007,217558.0,6546.0,3060.0,1155.0,2310.0,12561.0,90564.0,2874.0,15508.0,ASSAM
2008,217064.0,6546.0,1566.0,644.0,1288.0,6471.0,106666.0,2876.0,16024.0,ASSAM
2009,217124.0,6546.0,1840.0,563.0,1126.0,18340.0,110626.0,3262.0,15288.0,ASSAM
2010,221804.0,6546.0,1480.0,385.0,770.0,4250.0,123336.0,3442.0,15720.0,ASSAM
2011,221804.0,6546.0,1480.0,385.0,770.0,4250.0,133428.0,3400.0,16618.0,ASSAM
2012,221804.0,6546.0,1480.0,385.0,770.0,4250.0,155364.0,3432.0,18788.0,ASSAM
2013,221804.0,6546.0,1480.0,385.0,770.0,4250.0,174372.0,3874.0,21030.0,ASSAM
2014,221804.0,6546.0,1480.0,385.0,770.0,4250.0,188674.0,3960.0,25474.0,ASSAM
2001,200726.0,8986.0,6580.0,586.0,1172.0,6322.0,176864.0,1776.0,19402.0,BIHAR
2002,265144.0,12705.0,6580.0,660.0,1320.0,7735.0,188080.0,2080.0,20290.0,BIHAR
2003,253266.0,12481.0,6580.0,292.0,584.0,5713.0,184526.0,1970.0,20248.0,BIHAR
2004,247194.0,12583.0,6580.0,236.0,472.0,5665.0,216120.0,2780.0,22226.0,BIHAR
2005,250472.0,12620.0,7334.0,337.0,674.0,7914.0,195700.0,2294.0,21624.0,BIHAR
2006,255774.0,12787.0,21258.0,239.0,478.0,4573.0,201330.0,2464.0,23504.0,BIHAR
2007,280914.0,15587.0,6024.0,1469.0,2938.0,3585.0,218840.0,3110.0,23590.0,BIHAR
2008,295170.0,15980.0,6600.0,1244.0,2488.0,897.0,245338.0,2604.0,26412.0,BIHAR
2009,294192.0,16381.0,8322.0,1066.0,2132.0,3052.0,245862.0,1858.0,30442.0,BIHAR
2010,299408.0,16093.0,9796.0,742.0,1484.0,10433.0,254906.0,1590.0,31088.0,BIHAR
2011,299408.0,16093.0,9796.0,742.0,1484.0,10433.0,271792.0,1868.0,32584.0,BIHAR
2012,299408.0,16093.0,9796.0,742.0,1484.0,10433.0,293228.0,1854.0,35334.0,BIHAR
2013,299408.0,16093.0,9796.0,742.0,1484.0,10433.0,334910.0,2256.0,42846.0,BIHAR
2014,299408.0,16093.0,9796.0,742.0,1484.0,10433.0,355190.0,2254.0,45776.0,BIHAR
2001,16942.0,503.0,30.0,71.0,142.0,914.0,6794.0,36.0,3058.0,CHANDIGARH
2002,16866.0,504.0,30.0,75.0,150.0,679.0,7612.0,36.0,3294.0,CHANDIGARH
2003,16796.0,504.0,30.0,116.0,232.0,1127.0,5612.0,36.0,2476.0,CHANDIGARH
2004,16796.0,504.0,30.0,109.0,218.0,550.0,5778.0,38.0,2918.0,CHANDIGARH
2005,17136.0,504.0,48.0,116.0,232.0,797.0,6266.0,66.0,2746.0,CHANDIGARH
2006,17136.0,504.0,80.0,107.0,214.0,1142.0,6252.0,38.0,2468.0,CHANDIGARH
2007,17136.0,504.0,98.0,118.0,236.0,1218.0,7286.0,44.0,3480.0,CHANDIGARH
2008,17136.0,504.0,110.0,162.0,324.0,1225.0,7862.0,40.0,3982.0,CHANDIGARH
2009,23830.0,707.0,82.0,135.0,270.0,985.0,7110.0,58.0,3462.0,CHANDIGARH
2010,24790.0,708.0,76.0,168.0,336.0,786.0,6746.0,62.0,2962.0,CHANDIGARH
2011,24790.0,708.0,76.0,168.0,336.0,786.0,7084.0,54.0,3004.0,CHANDIGARH
2012,24790.0,708.0,76.0,168.0,336.0,786.0,7212.0,54.0,3098.0,CHANDIGARH
2013,24790.0,708.0,76.0,168.0,336.0,786.0,8154.0,90.0,3038.0,CHANDIGARH
2014,24790.0,708.0,76.0,168.0,336.0,786.0,6442.0,118.0,2520.0,CHANDIGARH
2001,53166.0,1482.0,2012.0,1362.0,2724.0,2815.0,76920.0,1918.0,9624.0,CHHATTISGARH
2002,53166.0,1482.0,2012.0,1407.0,2814.0,4081.0,75900.0,1984.0,8604.0,CHHATTISGARH
2003,90480.0,2959.0,2012.0,1602.0,3204.0,2232.0,76898.0,1796.0,8340.0,CHHATTISGARH
2004,89746.0,2523.0,2012.0,2002.0,4004.0,3370.0,83854.0,1938.0,10028.0,CHHATTISGARH
2005,107356.0,3576.0,1948.0,3137.0,6274.0,4064.0,87266.0,1980.0,11200.0,CHHATTISGARH
2006,141618.0,4721.0,1966.0,2053.0,4106.0,2637.0,90354.0,1990.0,10524.0,CHHATTISGARH
2007,145054.0,4817.0,1624.0,2027.0,4054.0,2446.0,91690.0,1964.0,10762.0,CHHATTISGARH
2008,158584.0,5206.0,902.0,3046.0,6092.0,5943.0,102884.0,1956.0,12158.0,CHHATTISGARH
2009,169264.0,5200.0,1330.0,3112.0,6224.0,3062.0,102740.0,1952.0,11584.0,CHHATTISGARH
2010,175026.0,5200.0,2032.0,2356.0,4712.0,18837.0,109916.0,2024.0,11610.0,CHHATTISGARH
2011,175026.0,5200.0,2032.0,2356.0,4712.0,18837.0,114436.0,2106.0,10630.0,CHHATTISGARH
2012,175026.0,5200.0,2032.0,2356.0,4712.0,18837.0,109196.0,2068.0,10682.0,CHHATTISGARH
2013,175026.0,5200.0,2032.0,2356.0,4712.0,18837.0,113740.0,2760.0,10378.0,CHHATTISGARH
2014,175026.0,5200.0,2032.0,2356.0,4712.0,18837.0,116400.0,2872.0,12196.0,CHHATTISGARH
2001,978.0,18.0,2.0,2.0,4.0,0.0,0.0,0.0,0.0,DADRA & NAGAR HAVELI
2002,916.0,16.0,2.0,0.0,0.0,108.0,0.0,0.0,0.0,DADRA & NAGAR HAVELI
2003,898.0,16.0,2.0,2.0,4.0,0.0,0.0,0.0,0.0,DADRA & NAGAR HAVELI
2004,964.0,19.0,2.0,4.0,8.0,0.0,0.0,0.0,0.0,DADRA & NAGAR HAVELI
2005,962.0,19.0,0.0,19.0,38.0,0.0,0.0,0.0,0.0,DADRA & NAGAR HAVELI
2006,952.0,19.0,0.0,9.0,18.0,0.0,0.0,0.0,0.0,DADRA & NAGAR HAVELI
2007,956.0,20.0,8.0,11.0,22.0,0.0,0.0,0.0,0.0,DADRA & NAGAR HAVELI
2008,946.0,20.0,6.0,22.0,44.0,0.0,0.0,0.0,0.0,DADRA & NAGAR HAVELI
2009,954.0,19.0,12.0,26.0,52.0,2.0,0.0,0.0,0.0,DADRA & NAGAR HAVELI
2010,1082.0,30.0,10.0,19.0,38.0,0.0,0.0,0.0,0.0,DADRA & NAGAR HAVELI
2001,0.0,0.0,0.0,0.0,0.0,0.0,700.0,12.0,90.0,DADRA AND NAGAR HAVELI
2002,0.0,0.0,0.0,0.0,0.0,0.0,698.0,8.0,150.0,DADRA AND NAGAR HAVELI
2003,0.0,0.0,0.0,0.0,0.0,0.0,676.0,2.0,122.0,DADRA AND NAGAR HAVELI
2004,0.0,0.0,0.0,0.0,0.0,0.0,818.0,14.0,106.0,DADRA AND NAGAR HAVELI
2005,0.0,0.0,0.0,0.0,0.0,0.0,868.0,10.0,148.0,DADRA AND NAGAR HAVELI
2006,0.0,0.0,0.0,0.0,0.0,0.0,870.0,12.0,122.0,DADRA AND NAGAR HAVELI
2007,0.0,0.0,0.0,0.0,0.0,0.0,850.0,14.0,174.0,DADRA AND NAGAR HAVELI
2008,0.0,0.0,0.0,0.0,0.0,0.0,802.0,12.0,108.0,DADRA AND NAGAR HAVELI
2009,0.0,0.0,0.0,0.0,0.0,0.0,884.0,8.0,126.0,DADRA AND NAGAR HAVELI
2010,0.0,0.0,0.0,0.0,0.0,0.0,756.0,6.0,126.0,DADRA AND NAGAR HAVELI
2011,0.0,0.0,0.0,0.0,0.0,0.0,744.0,8.0,138.0,DADRA AND NAGAR HAVELI
2012,0.0,0.0,0.0,0.0,0.0,0.0,636.0,6.0,136.0,DADRA AND NAGAR HAVELI
2013,0.0,0.0,0.0,0.0,0.0,0.0,628.0,10.0,116.0,DADRA AND NAGAR HAVELI
2014,0.0,0.0,0.0,0.0,0.0,0.0,554.0,10.0,76.0,DADRA AND NAGAR HAVELI
2001,918.0,27.0,4.0,2.0,4.0,0.0,478.0,0.0,80.0,DAMAN & DIU
2002,992.0,27.0,4.0,0.0,0.0,0.0,522.0,0.0,112.0,DAMAN & DIU
2003,992.0,27.0,4.0,2.0,4.0,0.0,538.0,10.0,92.0,DAMAN & DIU
2004,968.0,25.0,4.0,0.0,0.0,0.0,396.0,2.0,54.0,DAMAN & DIU
2005,976.0,28.0,2.0,1.0,2.0,0.0,486.0,4.0,100.0,DAMAN & DIU
2006,934.0,27.0,14.0,5.0,10.0,0.0,576.0,6.0,126.0,DAMAN & DIU
2007,922.0,27.0,26.0,14.0,28.0,0.0,520.0,2.0,86.0,DAMAN & DIU
2008,930.0,27.0,54.0,11.0,22.0,0.0,496.0,0.0,98.0,DAMAN & DIU
2009,930.0,27.0,16.0,3.0,6.0,0.0,552.0,2.0,82.0,DAMAN & DIU
2010,930.0,27.0,18.0,10.0,20.0,0.0,406.0,2.0,94.0,DAMAN & DIU
2011,930.0,27.0,18.0,10.0,20.0,0.0,448.0,2.0,94.0,DAMAN & DIU
2012,930.0,27.0,18.0,10.0,20.0,0.0,478.0,10.0,110.0,DAMAN & DIU
2013,930.0,27.0,18.0,10.0,20.0,0.0,492.0,16.0,76.0,DAMAN & DIU
2014,930.0,27.0,18.0,10.0,20.0,0.0,466.0,4.0,62.0,DAMAN & DIU
2001,234796.0,11226.0,1074.0,858.0,1716.0,3058.0,108768.0,762.0,38552.0,DELHI
2002,231876.0,11246.0,1074.0,1192.0,2384.0,4174.0,98274.0,806.0,33250.0,DELHI
2003,233284.0,11246.0,1074.0,802.0,1604.0,4195.0,94808.0,980.0,31088.0,DELHI
2004,233384.0,11246.0,1074.0,909.0,1818.0,3593.0,107246.0,1102.0,37988.0,DELHI
2005,237084.0,11607.0,2294.0,1250.0,2500.0,6294.0,112130.0,1316.0,35910.0,DELHI
2006,250422.0,11223.0,2426.0,1513.0,3026.0,6443.0,115926.0,1246.0,34996.0,DELHI
2007,266576.0,12339.0,2692.0,970.0,1940.0,5134.0,112130.0,1196.0,34074.0,DELHI
2008,286098.0,13022.0,732.0,523.0,1046.0,2375.0,98700.0,932.0,37734.0,DELHI
2009,310668.0,13890.0,868.0,586.0,1172.0,2805.0,100502.0,938.0,43462.0,DELHI
2010,329658.0,13911.0,1484.0,627.0,1254.0,2237.0,102584.0,1014.0,46176.0,DELHI
2011,329658.0,13911.0,1484.0,627.0,1254.0,2237.0,106706.0,1144.0,45798.0,DELHI
2012,329658.0,13911.0,1484.0,627.0,1254.0,2237.0,108574.0,1412.0,44064.0,DELHI
2013,329658.0,13911.0,1484.0,627.0,1254.0,2237.0,160368.0,3272.0,60248.0,DELHI
2014,329658.0,13911.0,1484.0,627.0,1254.0,2237.0,311308.0,4192.0,157506.0,DELHI
2001,15876.0,388.0,146.0,93.0,186.0,15.0,4682.0,24.0,1152.0,GOA
2002,16230.0,388.0,146.0,68.0,136.0,11.0,4880.0,24.0,992.0,GOA
2003,15944.0,384.0,146.0,87.0,174.0,7.0,4488.0,62.0,928.0,GOA
2004,15588.0,384.0,146.0,74.0,148.0,11.0,4254.0,74.0,1006.0,GOA
2005,15630.0,383.0,2.0,66.0,132.0,14.0,4238.0,40.0,990.0,GOA
2006,15588.0,383.0,64.0,68.0,136.0,11.0,4408.0,42.0,988.0,GOA
2007,20708.0,501.0,30.0,77.0,154.0,23.0,4958.0,40.0,988.0,GOA
2008,22400.0,561.0,2.0,67.0,134.0,25.0,5484.0,60.0,1202.0,GOA
2009,22632.0,561.0,20.0,76.0,152.0,25.0,6010.0,94.0,1716.0,GOA
2010,22914.0,584.0,12.0,77.0,154.0,27.0,6586.0,72.0,2068.0,GOA
2011,22914.0,584.0,12.0,77.0,154.0,27.0,6898.0,58.0,2230.0,GOA
2012,22914.0,584.0,12.0,77.0,154.0,27.0,7216.0,110.0,1830.0,GOA
2013,22914.0,584.0,12.0,77.0,154.0,27.0,8624.0,172.0,2276.0,GOA
2014,22914.0,584.0,12.0,77.0,154.0,27.0,8932.0,190.0,2308.0,GOA
2001,259064.0,11862.0,2838.0,4370.0,8740.0,9192.0,206838.0,572.0,31668.0,GUJARAT
2002,256378.0,12018.0,2838.0,3335.0,6670.0,5761.0,213350.0,534.0,31484.0,GUJARAT
2003,254208.0,12023.0,2838.0,2717.0,5434.0,6710.0,207418.0,472.0,38608.0,GUJARAT
2004,254200.0,12023.0,2838.0,2689.0,5378.0,5393.0,210938.0,678.0,37102.0,GUJARAT
2005,254200.0,12023.0,1570.0,2748.0,5496.0,5637.0,226828.0,648.0,35928.0,GUJARAT
2006,350854.0,13845.0,2452.0,2807.0,5614.0,6597.0,241944.0,708.0,36950.0,GUJARAT
2007,331482.0,14070.0,1828.0,2878.0,5756.0,12610.0,246390.0,632.0,36328.0,GUJARAT
2008,276254.0,13311.0,2026.0,2699.0,5398.0,9331.0,247616.0,748.0,41430.0,GUJARAT
2009,287892.0,13483.0,1100.0,2466.0,4932.0,19864.0,230366.0,866.0,39338.0,GUJARAT
2010,306988.0,14287.0,1764.0,2121.0,4242.0,10932.0,232878.0,816.0,33588.0,GUJARAT
2011,306988.0,14287.0,1764.0,2121.0,4242.0,10932.0,246742.0,878.0,32086.0,GUJARAT
2012,306988.0,14287.0,1764.0,2121.0,4242.0,10932.0,260242.0,946.0,31904.0,GUJARAT
2013,306988.0,14287.0,1764.0,2121.0,4242.0,10932.0,314870.0,1464.0,30626.0,GUJARAT
2014,306988.0,14287.0,1764.0,2121.0,4242.0,10932.0,262770.0,1682.0,28674.0,GUJARAT
2001,144008.0,4213.0,1836.0,2015.0,4030.0,5361.0,77518.0,796.0,12234.0,HARYANA
2002,144818.0,5293.0,1836.0,2511.0,5022.0,5387.0,80304.0,722.0,11924.0,HARYANA
2003,141748.0,5341.0,1836.0,2026.0,4052.0,4364.0,77224.0,706.0,11182.0,HARYANA
2004,175006.0,5932.0,1836.0,1677.0,3354.0,4360.0,78192.0,772.0,13116.0,HARYANA
2005,168370.0,5858.0,1072.0,1623.0,3246.0,4990.0,85328.0,922.0,17388.0,HARYANA
2006,164292.0,5759.0,778.0,1712.0,3424.0,3995.0,101018.0,1216.0,21036.0,HARYANA
2007,187812.0,6064.0,700.0,1840.0,3680.0,3976.0,103194.0,976.0,22094.0,HARYANA
2008,204454.0,7196.0,794.0,1799.0,3598.0,4812.0,110688.0,1262.0,25418.0,HARYANA
2009,205554.0,7527.0,622.0,1374.0,2748.0,3524.0,112458.0,1206.0,25834.0,HARYANA
2010,218308.0,7483.0,542.0,907.0,1814.0,3491.0,118240.0,1440.0,32532.0,HARYANA
2011,218308.0,7483.0,542.0,907.0,1814.0,3491.0,121482.0,1466.0,34850.0,HARYANA
2012,218308.0,7483.0,542.0,907.0,1814.0,3491.0,124960.0,1336.0,35180.0,HARYANA
2013,218308.0,7483.0,542.0,907.0,1814.0,3491.0,144196.0,1942.0,37240.0,HARYANA
2014,218308.0,7483.0,542.0,907.0,1814.0,3491.0,159894.0,2348.0,40628.0,HARYANA
2001,53902.0,1729.0,30.0,142.0,284.0,242.0,22998.0,248.0,1200.0,HIMACHAL PRADESH
2002,53228.0,1720.0,30.0,121.0,242.0,1150.0,24486.0,274.0,1128.0,HIMACHAL PRADESH
2003,53250.0,1720.0,30.0,124.0,248.0,214.0,24022.0,252.0,1254.0,HIMACHAL PRADESH
2004,52008.0,1720.0,30.0,117.0,234.0,195.0,24652.0,306.0,1286.0,HIMACHAL PRADESH
2005,53566.0,1786.0,76.0,194.0,388.0,218.0,24690.0,282.0,1392.0,HIMACHAL PRADESH
2006,55000.0,1764.0,204.0,128.0,256.0,260.0,26186.0,226.0,1624.0,HIMACHAL PRADESH
2007,53838.0,2043.0,208.0,145.0,290.0,276.0,28444.0,318.0,2184.0,HIMACHAL PRADESH
2008,62028.0,2234.0,518.0,163.0,326.0,322.0,27952.0,314.0,2304.0,HIMACHAL PRADESH
2009,66466.0,2237.0,640.0,170.0,340.0,445.0,26630.0,366.0,1646.0,HIMACHAL PRADESH
2010,65722.0,2250.0,338.0,218.0,436.0,256.0,26098.0,320.0,1676.0,HIMACHAL PRADESH
2011,65722.0,2250.0,338.0,218.0,436.0,256.0,28624.0,336.0,2084.0,HIMACHAL PRADESH
2012,65722.0,2250.0,338.0,218.0,436.0,256.0,25114.0,366.0,1538.0,HIMACHAL PRADESH
2013,65722.0,2250.0,338.0,218.0,436.0,256.0,27500.0,500.0,1636.0,HIMACHAL PRADESH
2014,65722.0,2250.0,338.0,218.0,436.0,256.0,28320.0,566.0,1304.0,HIMACHAL PRADESH
2001,241876.0,6351.0,518.0,2.0,4.0,365.0,39010.0,338.0,3838.0,JAMMU AND KASHMIR
2002,241876.0,6351.0,518.0,3.0,6.0,388.0,39934.0,384.0,4040.0,JAMMU AND KASHMIR
2003,241876.0,6351.0,518.0,18.0,36.0,209.0,42466.0,422.0,3898.0,JAMMU AND KASHMIR
2004,241876.0,6351.0,518.0,11.0,22.0,1634.0,42382.0,436.0,3878.0,JAMMU AND KASHMIR
2005,255376.0,6770.0,888.0,7.0,14.0,495.0,40230.0,402.0,3802.0,JAMMU AND KASHMIR
2006,258002.0,7056.0,1520.0,8.0,16.0,696.0,41574.0,500.0,3874.0,JAMMU AND KASHMIR
2007,264894.0,7154.0,820.0,15.0,30.0,513.0,42886.0,576.0,4172.0,JAMMU AND KASHMIR
2008,290002.0,8241.0,634.0,12.0,24.0,188.0,41208.0,438.0,4396.0,JAMMU AND KASHMIR
2009,380526.0,9346.0,1732.0,11.0,22.0,1152.0,43950.0,474.0,5262.0,JAMMU AND KASHMIR
2010,321616.0,8720.0,1308.0,27.0,54.0,1699.0,46446.0,490.0,5020.0,JAMMU AND KASHMIR
2011,321616.0,8720.0,1308.0,27.0,54.0,1699.0,49008.0,554.0,5310.0,JAMMU AND KASHMIR
2012,321616.0,8720.0,1308.0,27.0,54.0,1699.0,49216.0,606.0,4044.0,JAMMU AND KASHMIR
2013,321616.0,8720.0,1308.0,27.0,54.0,1699.0,50780.0,756.0,3724.0,JAMMU AND KASHMIR
2014,321616.0,8720.0,1308.0,27.0,54.0,1699.0,47696.0,662.0,3546.0,JAMMU AND KASHMIR
2001,44636.0,4703.0,8146.0,298.0,596.0,5004.0,50894.0,1134.0,7654.0,JHARKHAND
2002,44636.0,4703.0,8146.0,746.0,1492.0,2836.0,62878.0,1594.0,8748.0,JHARKHAND
2003,74834.0,2314.0,8146.0,821.0,1642.0,4964.0,64406.0,1424.0,8310.0,JHARKHAND
2004,74834.0,2314.0,8146.0,822.0,1644.0,4984.0,62878.0,1594.0,8748.0,JHARKHAND
2005,84556.0,2315.0,6964.0,1060.0,2120.0,3011.0,70350.0,1506.0,12390.0,JHARKHAND
2006,113568.0,3012.0,2928.0,862.0,1724.0,3321.0,72728.0,1598.0,12346.0,JHARKHAND
2007,188586.0,6228.0,10280.0,509.0,1018.0,4438.0,76978.0,1710.0,14182.0,JHARKHAND
2008,237566.0,7299.0,7170.0,549.0,1098.0,3336.0,77372.0,1582.0,14538.0,JHARKHAND
2009,201250.0,6479.0,5244.0,788.0,1576.0,7255.0,74872.0,1438.0,15432.0,JHARKHAND
2010,231584.0,8826.0,3534.0,104.0,208.0,3202.0,77778.0,1546.0,14180.0,JHARKHAND
2011,231584.0,8826.0,3534.0,104.0,208.0,3202.0,71676.0,1568.0,12756.0,JHARKHAND
2012,231584.0,8826.0,3534.0,104.0,208.0,3202.0,81892.0,1624.0,13360.0,JHARKHAND
2013,231584.0,8826.0,3534.0,104.0,208.0,3202.0,96416.0,2408.0,13678.0,JHARKHAND
2014,231584.0,8826.0,3534.0,104.0,208.0,3202.0,90670.0,2100.0,14092.0,JHARKHAND
2001,222248.0,5884.0,1820.0,843.0,1686.0,10072.0,218196.0,586.0,25736.0,KARNATAKA
2002,234568.0,6093.0,1820.0,277.0,554.0,4252.0,227398.0,584.0,27636.0,KARNATAKA
2003,242596.0,6154.0,1820.0,358.0,716.0,5511.0,224810.0,642.0,28360.0,KARNATAKA
2004,256638.0,6259.0,1820.0,440.0,880.0,10125.0,228880.0,582.0,32186.0,KARNATAKA
2005,256224.0,6264.0,648.0,242.0,484.0,4830.0,235160.0,686.0,34016.0,KARNATAKA
2006,252480.0,6268.0,852.0,659.0,1318.0,4484.0,235420.0,800.0,29802.0,KARNATAKA
2007,254754.0,6329.0,776.0,617.0,1234.0,6375.0,241212.0,872.0,28702.0,KARNATAKA
2008,327386.0,8766.0,1036.0,515.0,1030.0,6814.0,255080.0,892.0,35640.0,KARNATAKA
2009,334124.0,9269.0,1674.0,282.0,564.0,8064.0,268084.0,1018.0,41152.0,KARNATAKA
2010,323934.0,9531.0,2136.0,204.0,408.0,7121.0,284644.0,1172.0,40186.0,KARNATAKA
2011,323934.0,9531.0,2136.0,204.0,408.0,7121.0,275200.0,1272.0,39668.0,KARNATAKA
2012,323934.0,9531.0,2136.0,204.0,408.0,7121.0,268042.0,1242.0,36836.0,KARNATAKA
2013,323934.0,9531.0,2136.0,204.0,408.0,7121.0,273378.0,2060.0,39512.0,KARNATAKA
2014,323934.0,9531.0,2136.0,204.0,408.0,7121.0,274676.0,2648.0,42038.0,KARNATAKA
2001,181460.0,4333.0,1140.0,132.0,264.0,3101.0,207694.0,1124.0,10882.0,KERALA
2002,181050.0,4333.0,1140.0,234.0,468.0,2597.0,208400.0,998.0,11486.0,KERALA
2003,188780.0,4419.0,1140.0,764.0,1528.0,2757.0,197648.0,788.0,9782.0,KERALA
2004,187108.0,4412.0,1140.0,382.0,764.0,63678.0,208050.0,960.0,10480.0,KERALA
2005,187888.0,4460.0,638.0,464.0,928.0,2299.0,208700.0,956.0,10908.0,KERALA
2006,190782.0,4670.0,396.0,444.0,888.0,961.0,210510.0,1202.0,10862.0,KERALA
2007,193354.0,4792.0,606.0,675.0,1350.0,674.0,217060.0,1024.0,11218.0,KERALA
2008,186934.0,4533.0,524.0,776.0,1552.0,950.0,221240.0,1136.0,11636.0,KERALA
2009,185418.0,4601.0,554.0,707.0,1414.0,647.0,236738.0,1136.0,11128.0,KERALA
2010,188010.0,4672.0,680.0,826.0,1652.0,878.0,296626.0,1268.0,8760.0,KERALA
2011,188010.0,4672.0,680.0,826.0,1652.0,878.0,344274.0,2264.0,9408.0,KERALA
2012,188010.0,4672.0,680.0,826.0,1652.0,878.0,317978.0,2038.0,8156.0,KERALA
2013,188010.0,4672.0,680.0,826.0,1652.0,878.0,352668.0,2442.0,8158.0,KERALA
2014,188010.0,4672.0,680.0,826.0,1652.0,878.0,413578.0,2694.0,9400.0,KERALA
2001,1414.0,55.0,0.0,1.0,2.0,0.0,72.0,0.0,20.0,LAKSHADWEEP
2002,1402.0,55.0,0.0,0.0,0.0,1.0,106.0,2.0,24.0,LAKSHADWEEP
2003,1416.0,54.0,0.0,0.0,0.0,0.0,62.0,4.0,16.0,LAKSHADWEEP
2004,1380.0,54.0,0.0,0.0,0.0,0.0,140.0,0.0,10.0,LAKSHADWEEP
2005,1292.0,55.0,0.0,1.0,2.0,0.0,84.0,0.0,14.0,LAKSHADWEEP
2006,1366.0,55.0,0.0,0.0,0.0,0.0,160.0,0.0,34.0,LAKSHADWEEP
2007,1326.0,55.0,0.0,0.0,0.0,0.0,112.0,2.0,40.0,LAKSHADWEEP
2008,1776.0,87.0,0.0,0.0,0.0,0.0,190.0,4.0,16.0,LAKSHADWEEP
2009,1668.0,87.0,0.0,0.0,0.0,0.0,268.0,2.0,20.0,LAKSHADWEEP
2010,1824.0,87.0,0.0,0.0,0.0,0.0,84.0,0.0,10.0,LAKSHADWEEP
2011,1824.0,87.0,0.0,0.0,0.0,0.0,88.0,0.0,8.0,LAKSHADWEEP
2012,1824.0,87.0,0.0,0.0,0.0,0.0,120.0,0.0,14.0,LAKSHADWEEP
2013,1824.0,87.0,0.0,0.0,0.0,0.0,80.0,4.0,16.0,LAKSHADWEEP
2014,1824.0,87.0,0.0,0.0,0.0,0.0,162.0,2.0,30.0,LAKSHADWEEP
2001,396176.0,15698.0,6830.0,7328.0,14656.0,23071.0,363482.0,5702.0,40526.0,MADHYA PRADESH
2002,273960.0,9276.0,6830.0,8536.0,17072.0,27851.0,383598.0,5782.0,41518.0,MADHYA PRADESH
2003,263862.0,8683.0,6830.0,7672.0,15344.0,18310.0,382156.0,5476.0,40844.0,MADHYA PRADESH
2004,300176.0,9434.0,6830.0,7433.0,14866.0,30344.0,393734.0,5750.0,45172.0,MADHYA PRADESH
2005,304648.0,9513.0,7346.0,6378.0,12756.0,25637.0,378344.0,5842.0,41370.0,MADHYA PRADESH
2006,313756.0,9955.0,3860.0,6814.0,13628.0,40126.0,389422.0,5800.0,43466.0,MADHYA PRADESH
2007,310704.0,10016.0,4292.0,7350.0,14700.0,43767.0,404772.0,6020.0,44792.0,MADHYA PRADESH
2008,314892.0,10015.0,5888.0,7108.0,14216.0,39703.0,413112.0,5874.0,49166.0,MADHYA PRADESH
2009,314932.0,10015.0,5004.0,6186.0,12372.0,40276.0,415524.0,5996.0,46520.0,MADHYA PRADESH
2010,320310.0,12049.0,8754.0,6449.0,12898.0,37544.0,428538.0,6270.0,43154.0,MADHYA PRADESH
2011,320310.0,12049.0,8754.0,6449.0,12898.0,37544.0,434188.0,6812.0,44828.0,MADHYA PRADESH
2012,320310.0,12049.0,8754.0,6449.0,12898.0,37544.0,440670.0,6850.0,46364.0,MADHYA PRADESH
2013,320310.0,12049.0,8754.0,6449.0,12898.0,37544.0,454906.0,8670.0,50090.0,MADHYA PRADESH
2014,320310.0,12049.0,8754.0,6449.0,12898.0,37544.0,544846.0,10152.0,58488.0,MADHYA PRADESH
2001,570676.0,25917.0,9748.0,4990.0,9980.0,6117.0,342466.0,2604.0,79732.0,MAHARASHTRA
2002,611040.0,25939.0,9748.0,5379.0,10758.0,4322.0,330924.0,2704.0,75212.0,MAHARASHTRA
2003,597250.0,25939.0,9748.0,5070.0,10140.0,2474.0,328612.0,2536.0,74196.0,MAHARASHTRA
2004,597700.0,26143.0,9748.0,5496.0,10992.0,4598.0,352604.0,2776.0,87904.0,MAHARASHTRA
2005,597700.0,26143.0,9836.0,6303.0,12606.0,6018.0,374054.0,3090.0,93702.0,MAHARASHTRA
2006,645604.0,27651.0,7356.0,6658.0,13316.0,9592.0,383576.0,3000.0,92946.0,MAHARASHTRA
2007,671688.0,31334.0,8260.0,6836.0,13672.0,6142.0,391414.0,2902.0,95362.0,MAHARASHTRA
2008,714670.0,31932.0,9948.0,7019.0,14038.0,5622.0,412486.0,3116.0,105720.0,MAHARASHTRA
2009,789582.0,33134.0,9866.0,6972.0,13944.0,7576.0,399196.0,2966.0,101860.0,MAHARASHTRA
2010,780118.0,34755.0,14198.0,6388.0,12776.0,3139.0,416336.0,3198.0,105130.0,MAHARASHTRA
2011,780118.0,34755.0,14198.0,6388.0,12776.0,3139.0,409804.0,3402.0,106898.0,MAHARASHTRA
2012,780118.0,34755.0,14198.0,6388.0,12776.0,3139.0,405400.0,3678.0,94952.0,MAHARASHTRA
2013,780118.0,34755.0,14198.0,6388.0,12776.0,3139.0,468770.0,6126.0,105340.0,MAHARASHTRA
2014,780118.0,34755.0,14198.0,6388.0,12776.0,3139.0,499668.0,6876.0,112566.0,MAHARASHTRA
2001,59706.0,1544.0,36.0,0.0,0.0,0.0,4978.0,40.0,434.0,MANIPUR
2002,58806.0,1544.0,36.0,0.0,0.0,0.0,5168.0,28.0,510.0,MANIPUR
2003,59172.0,1681.0,36.0,0.0,0.0,0.0,5074.0,36.0,504.0,MANIPUR
2004,57922.0,1679.0,36.0,0.0,0.0,78.0,5070.0,62.0,488.0,MANIPUR
2005,62438.0,1770.0,72.0,0.0,0.0,41.0,5826.0,50.0,486.0,MANIPUR
2006,64682.0,1781.0,58.0,0.0,0.0,58.0,5768.0,80.0,580.0,MANIPUR
2007,74614.0,2058.0,32.0,0.0,0.0,0.0,6518.0,40.0,908.0,MANIPUR
2008,82378.0,2521.0,54.0,0.0,0.0,0.0,6698.0,76.0,892.0,MANIPUR
2009,102836.0,3317.0,10.0,0.0,0.0,37.0,5704.0,62.0,788.0,MANIPUR
2010,116670.0,3618.0,18.0,0.0,0.0,0.0,5430.0,68.0,834.0,MANIPUR
2011,116670.0,3618.0,18.0,0.0,0.0,0.0,6436.0,106.0,1438.0,MANIPUR
2012,116670.0,3618.0,18.0,0.0,0.0,0.0,7474.0,126.0,1806.0,MANIPUR
2013,116670.0,3618.0,18.0,0.0,0.0,0.0,6356.0,144.0,1708.0,MANIPUR
2014,116670.0,3618.0,18.0,0.0,0.0,0.0,7282.0,150.0,2002.0,MANIPUR
2001,45900.0,1408.0,62.0,66.0,132.0,183.0,3374.0,52.0,542.0,MEGHALAYA
2002,47682.0,1440.0,62.0,68.0,136.0,107.0,3328.0,76.0,784.0,MEGHALAYA
2003,38398.0,1331.0,62.0,35.0,70.0,85.0,3338.0,80.0,720.0,MEGHALAYA
2004,39364.0,1226.0,62.0,55.0,110.0,40.0,3504.0,108.0,836.0,MEGHALAYA
2005,38646.0,1272.0,74.0,107.0,214.0,73.0,3760.0,126.0,952.0,MEGHALAYA
2006,38654.0,1272.0,176.0,58.0,116.0,80.0,3870.0,148.0,940.0,MEGHALAYA
2007,41384.0,1320.0,62.0,106.0,212.0,152.0,4158.0,164.0,1000.0,MEGHALAYA
2008,43888.0,1344.0,40.0,139.0,278.0,50.0,4636.0,176.0,1338.0,MEGHALAYA
2009,43474.0,1344.0,78.0,88.0,176.0,44.0,4896.0,224.0,1090.0,MEGHALAYA
2010,43736.0,1292.0,12.0,118.0,236.0,150.0,5010.0,298.0,1328.0,MEGHALAYA
2011,43736.0,1292.0,12.0,118.0,236.0,150.0,5510.0,260.0,1392.0,MEGHALAYA
2012,43736.0,1292.0,12.0,118.0,236.0,150.0,5114.0,328.0,1086.0,MEGHALAYA
2013,43736.0,1292.0,12.0,118.0,236.0,150.0,6518.0,366.0,1234.0,MEGHALAYA
2014,43736.0,1292.0,12.0,118.0,236.0,150.0,7358.0,236.0,1714.0,MEGHALAYA
2001,28262.0,952.0,24.0,49.0,98.0,341.0,4492.0,104.0,1756.0,MIZORAM
2002,17490.0,652.0,24.0,60.0,120.0,390.0,5640.0,152.0,1998.0,MIZORAM
2003,28916.0,1003.0,24.0,82.0,164.0,503.0,6912.0,108.0,2606.0,MIZORAM
2004,28916.0,1003.0,24.0,818.0,1636.0,240.0,3030.0,40.0,1220.0,MIZORAM
2005,32368.0,1360.0,0.0,413.0,826.0,615.0,4312.0,74.0,1554.0,MIZORAM
2006,32738.0,1420.0,10.0,89.0,178.0,320.0,4146.0,144.0,1516.0,MIZORAM
2007,34210.0,1494.0,0.0,91.0,182.0,815.0,4166.0,166.0,1616.0,MIZORAM
2008,43822.0,1555.0,0.0,70.0,140.0,116.0,3978.0,154.0,1494.0,MIZORAM
2009,48592.0,1639.0,0.0,20.0,40.0,348.0,4094.0,166.0,1522.0,MIZORAM
2010,46100.0,1590.0,6.0,116.0,232.0,284.0,4348.0,184.0,1646.0,MIZORAM
2011,46100.0,1590.0,6.0,116.0,232.0,284.0,3642.0,154.0,1468.0,MIZORAM
2012,46100.0,1590.0,6.0,116.0,232.0,284.0,3532.0,206.0,1210.0,MIZORAM
2013,46100.0,1590.0,6.0,116.0,232.0,284.0,3418.0,178.0,1286.0,MIZORAM
2014,46100.0,1590.0,6.0,116.0,232.0,284.0,4280.0,240.0,1704.0,MIZORAM
2001,49732.0,712.0,6.0,26.0,52.0,88.0,2468.0,34.0,516.0,NAGALAND
2002,51644.0,749.0,6.0,14.0,28.0,122.0,2228.0,34.0,514.0,NAGALAND
2003,47534.0,756.0,6.0,1.0,2.0,92.0,1952.0,28.0,442.0,NAGALAND
2004,47656.0,748.0,6.0,3.0,6.0,60.0,1968.0,36.0,510.0,NAGALAND
2005,48466.0,762.0,0.0,3.0,6.0,70.0,2098.0,34.0,588.0,NAGALAND
2006,48520.0,768.0,0.0,3.0,6.0,52.0,2206.0,46.0,654.0,NAGALAND
2007,42052.0,781.0,0.0,0.0,0.0,54.0,2360.0,26.0,720.0,NAGALAND
2008,42836.0,795.0,0.0,0.0,0.0,142.0,2404.0,38.0,690.0,NAGALAND
2009,41914.0,795.0,118.0,20.0,40.0,142.0,2118.0,44.0,694.0,NAGALAND
2010,41914.0,795.0,8.0,53.0,106.0,68.0,2118.0,32.0,794.0,NAGALAND
2011,41914.0,795.0,8.0,53.0,106.0,68.0,2166.0,46.0,720.0,NAGALAND
2012,41914.0,795.0,8.0,53.0,106.0,68.0,2180.0,42.0,762.0,NAGALAND
2013,41914.0,795.0,8.0,53.0,106.0,68.0,2432.0,62.0,812.0,NAGALAND
2014,41914.0,795.0,8.0,53.0,106.0,68.0,2314.0,60.0,836.0,NAGALAND
2001,147326.0,6464.0,1764.0,212.0,424.0,3493.0,93322.0,1580.0,11244.0,ODISHA
2002,149640.0,6477.0,1764.0,192.0,384.0,2760.0,95456.0,1382.0,10536.0,ODISHA
2003,148426.0,6502.0,1764.0,313.0,626.0,2708.0,94562.0,1450.0,10718.0,ODISHA
2004,149828.0,6634.0,1764.0,359.0,718.0,2657.0,97478.0,1540.0,11934.0,ODISHA
2005,149130.0,6644.0,2012.0,655.0,1310.0,7570.0,103370.0,1598.0,13486.0,ODISHA
2006,178492.0,7302.0,2600.0,627.0,1254.0,13672.0,105584.0,1970.0,13134.0,ODISHA
2007,183282.0,7756.0,1640.0,658.0,1316.0,1003.0,109744.0,1878.0,13660.0,ODISHA
2008,196982.0,10016.0,2252.0,773.0,1546.0,4797.0,113510.0,2226.0,14838.0,ODISHA
2009,207068.0,10111.0,1480.0,483.0,966.0,1306.0,111480.0,2046.0,14272.0,ODISHA
2010,207922.0,10249.0,2492.0,544.0,1088.0,3340.0,112918.0,2050.0,15144.0,ODISHA
2011,207922.0,10249.0,2492.0,544.0,1088.0,3340.0,122554.0,2224.0,17448.0,ODISHA
2012,207922.0,10249.0,2492.0,544.0,1088.0,3340.0,135914.0,2916.0,19260.0,ODISHA
2013,207922.0,10249.0,2492.0,544.0,1088.0,3340.0,143436.0,3664.0,20088.0,ODISHA
2014,207922.0,10249.0,2492.0,544.0,1088.0,3340.0,149138.0,3956.0,18820.0,ODISHA
2001,8174.0,323.0,0.0,3.0,6.0,108.0,8136.0,18.0,1056.0,PUDUCHERRY
2002,9250.0,323.0,0.0,16.0,32.0,76.0,8874.0,12.0,1052.0,PUDUCHERRY
2003,9392.0,354.0,0.0,40.0,80.0,184.0,9034.0,4.0,1134.0,PUDUCHERRY
2004,9572.0,357.0,0.0,55.0,110.0,212.0,9240.0,8.0,1268.0,PUDUCHERRY
2005,9652.0,335.0,2.0,42.0,84.0,16.0,9150.0,12.0,932.0,PUDUCHERRY
2006,9584.0,340.0,0.0,37.0,74.0,13.0,9374.0,18.0,1120.0,PUDUCHERRY
2007,10170.0,340.0,18.0,62.0,124.0,14.0,10108.0,18.0,1574.0,PUDUCHERRY
2008,10076.0,340.0,0.0,55.0,110.0,27.0,9978.0,16.0,1376.0,PUDUCHERRY
2009,9878.0,343.0,10.0,81.0,162.0,11.0,9182.0,2.0,1422.0,PUDUCHERRY
2010,11370.0,429.0,30.0,49.0,98.0,4.0,7870.0,6.0,1068.0,PUDUCHERRY
2011,11370.0,429.0,30.0,49.0,98.0,4.0,8724.0,14.0,1414.0,PUDUCHERRY
2012,11370.0,429.0,30.0,49.0,98.0,4.0,8562.0,26.0,1316.0,PUDUCHERRY
2013,11370.0,429.0,30.0,49.0,98.0,4.0,7512.0,34.0,1188.0,PUDUCHERRY
2014,11370.0,429.0,30.0,49.0,98.0,4.0,7168.0,20.0,848.0,PUDUCHERRY
2001,281760.0,7735.0,58.0,29.0,58.0,3402.0,55548.0,596.0,6046.0,PUNJAB
2002,281760.0,7735.0,58.0,156.0,312.0,5417.0,57588.0,598.0,5926.0,PUNJAB
2003,281760.0,7735.0,58.0,132.0,264.0,5322.0,57512.0,760.0,6396.0,PUNJAB
2004,289980.0,7764.0,58.0,96.0,192.0,4851.0,51260.0,780.0,5174.0,PUNJAB
2005,289980.0,7764.0,80.0,135.0,270.0,3982.0,54272.0,796.0,5848.0,PUNJAB
2006,293768.0,7849.0,158.0,159.0,318.0,6042.0,64136.0,884.0,7892.0,PUNJAB
2007,293768.0,7849.0,156.0,129.0,258.0,4358.0,71586.0,1038.0,10346.0,PUNJAB
2008,284290.0,8000.0,404.0,113.0,226.0,4491.0,70628.0,1034.0,11126.0,PUNJAB
2009,284532.0,8000.0,586.0,233.0,466.0,4297.0,71090.0,1022.0,11248.0,PUNJAB
2010,297538.0,9216.0,624.0,246.0,492.0,4679.0,73296.0,1092.0,10892.0,PUNJAB
2011,297538.0,9216.0,624.0,246.0,492.0,4679.0,69766.0,958.0,9568.0,PUNJAB
2012,297538.0,9216.0,624.0,246.0,492.0,4679.0,71580.0,1360.0,10544.0,PUNJAB
2013,297538.0,9216.0,624.0,246.0,492.0,4679.0,73334.0,1776.0,9770.0,PUNJAB
2014,297538.0,9216.0,624.0,246.0,492.0,4679.0,74324.0,1962.0,10134.0,PUNJAB
2001,270652.0,8880.0,2232.0,3245.0,6490.0,13646.0,310370.0,2098.0,33878.0,RAJASTHAN
2002,268778.0,8890.0,2232.0,1937.0,3874.0,10758.0,302496.0,2102.0,32626.0,RAJASTHAN
2003,273018.0,8916.0,2232.0,1862.0,3724.0,5862.0,291158.0,2100.0,32912.0,RAJASTHAN
2004,267088.0,8920.0,2232.0,1875.0,3750.0,7976.0,309718.0,2076.0,37684.0,RAJASTHAN
2005,272470.0,10663.0,3296.0,1958.0,3916.0,7864.0,281834.0,1986.0,35796.0,RAJASTHAN
2006,280986.0,10831.0,4530.0,2086.0,4172.0,6453.0,283984.0,2170.0,35778.0,RAJASTHAN
2007,281218.0,10776.0,4296.0,2124.0,4248.0,5274.0,297740.0,2476.0,38690.0,RAJASTHAN
2008,312586.0,10898.0,6300.0,2352.0,4704.0,6449.0,302348.0,2710.0,40822.0,RAJASTHAN
2009,313278.0,10757.0,4444.0,2456.0,4912.0,6961.0,333130.0,3038.0,44288.0,RAJASTHAN
2010,315532.0,10944.0,3216.0,2378.0,4756.0,14219.0,325914.0,3142.0,44648.0,RAJASTHAN
2011,315532.0,10944.0,3216.0,2378.0,4756.0,14219.0,331244.0,3600.0,42198.0,RAJASTHAN
2012,315532.0,10944.0,3216.0,2378.0,4756.0,14219.0,341896.0,4098.0,46628.0,RAJASTHAN
2013,315532.0,10944.0,3216.0,2378.0,4756.0,14219.0,392448.0,6570.0,57856.0,RAJASTHAN
2014,315532.0,10944.0,3216.0,2378.0,4756.0,14219.0,420836.0,7518.0,58190.0,RAJASTHAN
2001,16748.0,422.0,0.0,17.0,34.0,39.0,888.0,16.0,148.0,SIKKIM
2002,14368.0,409.0,0.0,2.0,4.0,21.0,970.0,12.0,128.0,SIKKIM
2003,14370.0,409.0,0.0,17.0,34.0,0.0,886.0,20.0,130.0,SIKKIM
2004,14626.0,556.0,0.0,13.0,26.0,63.0,1262.0,6.0,146.0,SIKKIM
2005,15506.0,466.0,0.0,24.0,48.0,0.0,1104.0,36.0,162.0,SIKKIM
2006,15828.0,511.0,0.0,35.0,70.0,0.0,1406.0,40.0,226.0,SIKKIM
2007,13300.0,560.0,0.0,94.0,188.0,0.0,1334.0,48.0,236.0,SIKKIM
2008,14754.0,566.0,0.0,37.0,74.0,13.0,1460.0,40.0,254.0,SIKKIM
2009,15336.0,592.0,0.0,60.0,120.0,7.0,1338.0,36.0,124.0,SIKKIM
2010,19148.0,639.0,0.0,82.0,164.0,90.0,1104.0,36.0,106.0,SIKKIM
2011,19148.0,639.0,0.0,82.0,164.0,90.0,1192.0,32.0,144.0,SIKKIM
2012,19148.0,639.0,0.0,82.0,164.0,90.0,1056.0,68.0,234.0,SIKKIM
2013,19148.0,639.0,0.0,82.0,164.0,90.0,1702.0,86.0,244.0,SIKKIM
2014,19148.0,639.0,0.0,82.0,164.0,90.0,2130.0,94.0,252.0,SIKKIM
2001,385386.0,10370.0,1366.0,4555.0,9110.0,38893.0,309602.0,846.0,33418.0,TAMIL NADU
2002,393654.0,10389.0,1366.0,6082.0,12164.0,27879.0,333884.0,1068.0,37510.0,TAMIL NADU
2003,391308.0,10905.0,1366.0,4895.0,9790.0,29866.0,314372.0,1114.0,36426.0,TAMIL NADU
2004,410734.0,10957.0,1366.0,2373.0,4746.0,23182.0,333212.0,1236.0,35060.0,TAMIL NADU
2005,408646.0,11332.0,2594.0,2148.0,4296.0,24177.0,324720.0,1142.0,31702.0,TAMIL NADU
2006,406486.0,11399.0,1598.0,1974.0,3948.0,19099.0,297944.0,914.0,27302.0,TAMIL NADU
2007,421644.0,11685.0,2646.0,1721.0,3442.0,19471.0,345508.0,1046.0,26434.0,TAMIL NADU
2008,421524.0,11796.0,1760.0,1593.0,3186.0,17445.0,353666.0,1146.0,30038.0,TAMIL NADU
2009,420790.0,12080.0,2226.0,2921.0,5842.0,16317.0,349382.0,1192.0,31424.0,TAMIL NADU
2010,448260.0,13083.0,1708.0,1644.0,3288.0,17802.0,371356.0,1372.0,29166.0,TAMIL NADU
2011,448260.0,13083.0,1708.0,1644.0,3288.0,17802.0,385758.0,1354.0,27848.0,TAMIL NADU
2012,448260.0,13083.0,1708.0,1644.0,3288.0,17802.0,400948.0,1474.0,23992.0,TAMIL NADU
2013,448260.0,13083.0,1708.0,1644.0,3288.0,17802.0,407158.0,1846.0,23900.0,TAMIL NADU
2014,448260.0,13083.0,1708.0,1644.0,3288.0,17802.0,386400.0,910.0,23938.0,TAMIL NADU
2014,0.0,0.0,0.0,0.0,0.0,0.0,213660.0,1958.0,30684.0,TELANGANA
2001,69808.0,2045.0,54.0,20.0,40.0,391.0,5602.0,204.0,518.0,TRIPURA
2002,76208.0,2188.0,54.0,7.0,14.0,326.0,6150.0,216.0,540.0,TRIPURA
2003,76208.0,2188.0,54.0,0.0,0.0,400.0,7028.0,228.0,552.0,TRIPURA
2004,86370.0,2572.0,54.0,0.0,0.0,78.0,6162.0,320.0,520.0,TRIPURA
2005,83802.0,2146.0,54.0,0.0,0.0,73.0,6712.0,324.0,650.0,TRIPURA
2006,93878.0,2291.0,52.0,0.0,0.0,87.0,7880.0,378.0,784.0,TRIPURA
2007,99212.0,2331.0,18.0,2.0,4.0,83.0,8546.0,314.0,822.0,TRIPURA
2008,103794.0,2465.0,24.0,43.0,86.0,83.0,10672.0,408.0,998.0,TRIPURA
2009,104402.0,2465.0,24.0,91.0,182.0,28.0,10972.0,380.0,830.0,TRIPURA
2010,107820.0,2487.0,28.0,46.0,92.0,25.0,11610.0,476.0,914.0,TRIPURA
2011,107820.0,2487.0,28.0,46.0,92.0,25.0,11606.0,410.0,988.0,TRIPURA
2012,107820.0,2487.0,28.0,46.0,92.0,25.0,12528.0,458.0,1130.0,TRIPURA
2013,107820.0,2487.0,28.0,46.0,92.0,25.0,12420.0,466.0,1066.0,TRIPURA
2014,107820.0,2487.0,28.0,46.0,92.0,25.0,10998.0,478.0,738.0,TRIPURA
2001,653892.0,16205.0,9136.0,256.0,512.0,6528.0,356258.0,3916.0,54022.0,UTTAR PRADESH
2002,653902.0,16205.0,9136.0,96.0,192.0,6988.0,292074.0,2830.0,44838.0,UTTAR PRADESH
2003,654836.0,16205.0,9136.0,61.0,122.0,7077.0,190146.0,1822.0,31502.0,UTTAR PRADESH
2004,656202.0,16189.0,9136.0,135.0,270.0,5655.0,260362.0,2794.0,45048.0,UTTAR PRADESH
2005,648322.0,16246.0,8890.0,115.0,230.0,5213.0,244216.0,2434.0,41390.0,UTTAR PRADESH
2006,647830.0,16246.0,9164.0,172.0,344.0,4509.0,254002.0,2628.0,40894.0,UTTAR PRADESH
2007,650788.0,17132.0,8678.0,427.0,854.0,2149.0,300516.0,3296.0,45632.0,UTTAR PRADESH
2008,622646.0,17125.0,9408.0,347.0,694.0,2267.0,337992.0,3742.0,51892.0,UTTAR PRADESH
2009,1024318.0,22097.0,10038.0,475.0,950.0,1837.0,345768.0,3518.0,58452.0,UTTAR PRADESH
2010,1015698.0,23446.0,9846.0,852.0,1704.0,1562.0,348358.0,3126.0,62306.0,UTTAR PRADESH
2011,1015698.0,23446.0,9846.0,852.0,1704.0,1562.0,390270.0,4084.0,73366.0,UTTAR PRADESH
2012,1015698.0,23446.0,9846.0,852.0,1704.0,1562.0,396186.0,3926.0,74752.0,UTTAR PRADESH
2013,1015698.0,23446.0,9846.0,852.0,1704.0,1562.0,452890.0,6100.0,83898.0,UTTAR PRADESH
2014,1015698.0,23446.0,9846.0,852.0,1704.0,1562.0,480950.0,6934.0,96760.0,UTTAR PRADESH
2001,50594.0,900.0,168.0,57.0,114.0,330.0,16146.0,148.0,2838.0,UTTARAKHAND
2002,49950.0,900.0,168.0,34.0,68.0,631.0,15952.0,178.0,2730.0,UTTARAKHAND
2003,52842.0,900.0,168.0,30.0,60.0,1230.0,15846.0,214.0,2736.0,UTTARAKHAND
2004,51136.0,900.0,168.0,36.0,72.0,437.0,17268.0,230.0,3194.0,UTTARAKHAND
2005,50616.0,900.0,176.0,39.0,78.0,376.0,16066.0,266.0,3260.0,UTTARAKHAND
2006,65466.0,1234.0,74.0,106.0,212.0,450.0,16824.0,294.0,3392.0,UTTARAKHAND
2007,68894.0,1236.0,6.0,129.0,258.0,495.0,19198.0,234.0,3186.0,UTTARAKHAND
2008,70256.0,1308.0,74.0,157.0,314.0,1956.0,17712.0,174.0,3244.0,UTTARAKHAND
2009,74112.0,1334.0,116.0,254.0,508.0,1556.0,17604.0,222.0,3202.0,UTTARAKHAND
2010,79426.0,1334.0,104.0,154.0,308.0,1712.0,18480.0,242.0,4276.0,UTTARAKHAND
2011,79426.0,1334.0,104.0,154.0,308.0,1712.0,17548.0,258.0,4186.0,UTTARAKHAND
2012,79426.0,1334.0,104.0,154.0,308.0,1712.0,17764.0,296.0,3826.0,UTTARAKHAND
2013,79426.0,1334.0,104.0,154.0,308.0,1712.0,19092.0,456.0,3192.0,UTTARAKHAND
2014,79426.0,1334.0,104.0,154.0,308.0,1712.0,18312.0,540.0,3474.0,UTTARAKHAND
2001,354442.0,17727.0,924.0,27.0,54.0,6194.0,123126.0,1418.0,28490.0,WEST BENGAL
2002,352110.0,17606.0,924.0,17.0,34.0,9422.0,117924.0,1518.0,24898.0,WEST BENGAL
2003,354794.0,17582.0,924.0,123.0,246.0,6950.0,122348.0,2004.0,25226.0,WEST BENGAL
2004,353800.0,18658.0,924.0,93.0,186.0,8632.0,138700.0,2950.0,28930.0,WEST BENGAL
2005,353356.0,22516.0,2112.0,138.0,276.0,9102.0,132812.0,3372.0,24248.0,WEST BENGAL
2006,355060.0,22709.0,3262.0,124.0,248.0,9466.0,136104.0,3462.0,25064.0,WEST BENGAL
2007,378878.0,27946.0,2276.0,145.0,290.0,7710.0,162204.0,4212.0,27494.0,WEST BENGAL
2008,359364.0,27093.0,2770.0,707.0,1414.0,12711.0,210838.0,4526.0,34668.0,WEST BENGAL
2009,375106.0,28085.0,3424.0,195.0,390.0,7872.0,226072.0,4672.0,34266.0,WEST BENGAL
2010,388714.0,28637.0,5976.0,337.0,674.0,381.0,259232.0,4622.0,38778.0,WEST BENGAL
2011,388714.0,28637.0,5976.0,337.0,674.0,381.0,286394.0,4726.0,42892.0,WEST BENGAL
2012,388714.0,28637.0,5976.0,337.0,674.0,381.0,322854.0,4092.0,45982.0,WEST BENGAL
2013,388714.0,28637.0,5976.0,337.0,674.0,381.0,339070.0,3370.0,45808.0,WEST BENGAL
2014,388714.0,28637.0,5976.0,337.0,674.0,381.0,386096.0,6818.0,45830.0,WEST BENGAL
